title,company,location,url,source,posted_date,work_type,employment_type,tags
Crypto Trader,ELEMENTAL TERRA,worldwide,https://remoteok.com/remote-jobs/remote-crypto-trader-elemental-terra-1130867,Remoteok,2026-04-23T00:00:04+00:00,remote,part-time,"Other,Crypto,Finance,Web3,Blockchain,Defi,Edu,Bitcoin,Ethereum,Legal"
Crypto Trader,Fox GLobal Assets,worldwide,https://remoteok.com/remote-jobs/remote-crypto-trader-fox-global-assets-1131243,Remoteok,2026-04-21T08:59:17+00:00,remote,part-time,"Finance,Edu,Crypto,Legal,Junior,Web3,Blockchain,Defi,Part Time,Other,Stats,Ops"
Product Engineer,SuperPlane,🇪🇺 Europe,https://remoteok.com/remote-jobs/remote-product-engineer-superplane-1131228,Remoteok,2026-04-20T16:14:21+00:00,remote,full-time,"Senior,Engineer,Executive"
Senior Marketing Manager Paid Ads,Acebet.com,worldwide,https://remoteok.com/remote-jobs/remote-senior-marketing-manager-paid-ads-acebet-com-1129629,Remoteok,2026-04-18T00:00:14+00:00,remote,full-time,Marketing
Mid Senior AI Video Artist,EverAI,worldwide,https://remoteok.com/remote-jobs/remote-mid-senior-ai-video-artist-everai-1131288,Remoteok,2026-04-23T08:11:46+00:00,remote,full-time,"Marketing,Video,AI"
Overnight Neuroradiologist Partner Track 10p 7a MST 7 on 14 off,Diversified Radiology,unknown,https://remoteok.com/remote-jobs/remote-overnight-neuroradiologist-partner-track-10p-7a-mst-7-on-14-off-diversified-radiology-1131304,Remoteok,2026-04-24T00:01:04+00:00,remote,full-time,"System,Teaching,Assistant,Fellowship,Full-Time"
Full Stack Developer,Envision Horizons LLC,unknown,https://remoteok.com/remote-jobs/remote-full-stack-developer-envision-horizons-llc-1131303,Remoteok,2026-04-24T00:00:58+00:00,remote,full-time,"Developer,C#,Amazon,React,System,Front-End,Technical,Support,Software,Growth,Code,Web,Voice,Financial,CSS,Strategy,Senior,Reliability,Health,Recruiting,Engineering,Recruitment,Backend,Ecommerce,E-Commerce"
Bilingual Legal Personal Injury,Distro,Bogotá,https://remoteok.com/remote-jobs/remote-bilingual-legal-personal-injury-distro-1131301,Remoteok,2026-04-24T00:00:42+00:00,remote,full-time,"System,Web,Management,Legal"
Controller,MissionWired,"Washington, DC - Remote Flexibility",https://remoteok.com/remote-jobs/remote-controller-missionwired-1131300,Remoteok,2026-04-24T00:00:35+00:00,remote,full-time,"Controller,SaaS,System,Support,Software,Testing,Travel,Manager,Accounting,Financial,Finance,Management,Lead,Operations,Excel,Sales,Health"
Neurologist TX Licensed BC PT FT Fully Virtual,TeleMed2U,unknown,https://remoteok.com/remote-jobs/remote-neurologist-tx-licensed-bc-pt-ft-fully-virtual-telemed2u-1131299,Remoteok,2026-04-24T00:00:28+00:00,remote,full-time,"Management,Health,Healthcare,Neurology,Non Tech"
Senior Account Executive Publishers,Zeta Global,probably worldwide,https://remoteok.com/remote-jobs/remote-senior-account-executive-publishers-zeta-global-1131298,Remoteok,2026-04-24T00:00:13+00:00,remote,full-time,"System,Cloud,Senior,Marketing,Sales,Go,Executive,Ecommerce"
Strategy & Operations,TLDR,probably worldwide,https://remoteok.com/remote-jobs/remote-strategy-operations-tldr-1131297,Remoteok,2026-04-24T00:00:03+00:00,remote,full-time,"Design,Software,Growth,Strategy,Management,Operations,Operational,Go,Engineering"
Applied AI Engineer Europe,Amigo,Amsterdam,https://remoteok.com/remote-jobs/remote-applied-ai-engineer-europe-amigo-1131296,Remoteok,2026-04-23T16:00:17+00:00,remote,full-time,"System,Python,Technical,Support,Software,Testing,Code,Investment,Git,API,Leader,Operational,Reliability,Go,Health,Healthcare,Engineer,Engineering"
UX UI Designer — AI Application,0g Labs,probably worldwide,https://remoteok.com/remote-jobs/remote-ux-ui-designer-ai-application-0g-labs-1131295,Remoteok,2026-04-23T16:00:11+00:00,remote,full-time,"UI,UX,Design,System,Designer,Technical,Web,Speech,Strategy,Health"
Corporate Counsel,May Mobility,probably worldwide,https://remoteok.com/remote-jobs/remote-corporate-counsel-may-mobility-1131294,Remoteok,2026-04-23T16:00:04+00:00,remote,full-time,"System,Support,Operations,Marketing,Legal,Go"
Senior Backend Engineer Build AI Agents,Salesforge,probably worldwide,https://remoteok.com/remote-jobs/remote-senior-backend-engineer-build-ai-agents-salesforge-1131292,Remoteok,2026-04-23T16:00:01+00:00,remote,full-time,"Golang,Senior,Sales,Engineer,Backend"
Crypto Trader,Fox GLobal Assets,worldwide,https://remoteok.com/remote-jobs/remote-crypto-trader-fox-global-assets-1131163,Remoteok,2026-04-16T13:41:16+00:00,remote,part-time,"Finance,Edu,Crypto,Legal,Junior,Web3,Blockchain,Defi,Part Time,Other,Ops,Stats"
Bookkeeper,Vidinext,worldwide,https://remoteok.com/remote-jobs/remote-bookkeeper-vidinext-1131290,Remoteok,2026-04-23T12:04:19+00:00,remote,full-time,"Other,Accounting,Finance"
Account Executive III,Sumo Logic,Melbourne,https://remoteok.com/remote-jobs/remote-account-executive-iii-sumo-logic-1131287,Remoteok,2026-04-23T08:00:17+00:00,remote,full-time,"SaaS,Salesforce,Security,Technical,Web,DevOps,Cloud,Management,Lead,Analytics,Sales,Executive"
Senior Director Sales and Operations Planning,OLLY,probably worldwide,https://remoteok.com/remote-jobs/remote-senior-director-sales-and-operations-planning-olly-1131286,Remoteok,2026-04-23T08:00:07+00:00,remote,full-time,"Director,Leader,Senior,Operations,Sales,Non Tech"
VP Creative Director,Noodle,"Remote, United States",https://remoteok.com/remote-jobs/remote-vp-creative-director-noodle-1131284,Remoteok,2026-04-23T00:01:28+00:00,remote,full-time,"Director,Design,Support,Web,Travel,Video,Edu,Leader,Strategy,Management,Lead,Content,Senior,Operational,Marketing,Analytics,Sales"
Associate Director Solutions,YipitData (Alternative),US Remote,https://remoteok.com/remote-jobs/remote-associate-director-solutions-yipitdata-alternative-1131283,Remoteok,2026-04-23T00:01:22+00:00,remote,full-time,"Director,Technical,Investment,Analytics"
Technical Program Manager — Platform Migration,Cayuse,unknown,https://remoteok.com/remote-jobs/remote-technical-program-manager-platform-migration-cayuse-1131282,Remoteok,2026-04-23T00:01:11+00:00,remote,full-time,"Manager,Technical,Support,Test,Growth,Strategy,Lead,Senior,Operational,Health,Engineering"
Principal Customer Solutions Architect,Caylent,CANADA,https://remoteok.com/remote-jobs/remote-principal-customer-solutions-architect-caylent-1131281,Remoteok,2026-04-23T00:00:57+00:00,remote,full-time,"Architect,Design,Amazon,Security,Technical,Web,Cloud,Lead,Sales,Executive"
Senior Security Engineer,Bridgewater Associates,unknown,https://remoteok.com/remote-jobs/remote-senior-security-engineer-bridgewater-associates-1131280,Remoteok,2026-04-23T00:00:46+00:00,remote,full-time,"Security,Technical,Recruiter,Developer,Software,Test,Code,Investment,Cloud,Management,Senior,Engineer,Engineering,Full-Time"
Business Development Director,Connections Health Solutions,probably worldwide,https://remoteok.com/remote-jobs/remote-business-development-director-connections-health-solutions-1131279,Remoteok,2026-04-23T00:00:34+00:00,remote,full-time,"Director,Medical,Health"
Insurance Verifications Specialist,Cranial Technologies,probably worldwide,https://remoteok.com/remote-jobs/remote-insurance-verifications-specialist-cranial-technologies-1131278,Remoteok,2026-04-23T00:00:25+00:00,remote,full-time,Full-Time
Frontend Engineer,CareerVillage.org,"Remote, United States",https://remoteok.com/remote-jobs/remote-frontend-engineer-careervillage-org-1131277,Remoteok,2026-04-23T00:00:16+00:00,remote,full-time,"Front End,Technical,Software,Code,Web,Engineer,Backend,Full-Time"
Software Engineer C,Octo Horizon,worldwide,https://remoteok.com/remote-jobs/remote-software-engineer-c-octo-horizon-1128583,Remoteok,2026-04-22T00:00:02+00:00,remote,full-time,"Engineer,Technical,Cloud,Developer"
Healthcare Account Executive,Vonage,probably worldwide,https://remoteok.com/remote-jobs/remote-healthcare-account-executive-vonage-1131272,Remoteok,2026-04-22T16:00:59+00:00,remote,full-time,"Software,Growth,Cloud,API,Leader,Management,Lead,Sales,Healthcare,Executive"
Senior CAD Backend Engineer Mechanical CAD Automation,Foundation EGI,probably worldwide,https://remoteok.com/remote-jobs/remote-senior-cad-backend-engineer-mechanical-cad-automation-foundation-egi-1131271,Remoteok,2026-04-22T16:00:50+00:00,remote,full-time,"Design,Python,3d,Senior,Engineer,Engineering,Backend"
Solution Engineer I,"Onit, Inc.","Pune, Maharashtra",https://remoteok.com/remote-jobs/remote-solution-engineer-i-onit-inc-1131270,Remoteok,2026-04-22T16:00:43+00:00,remote,full-time,"Support,Software,Growth,Code,CSS,Microsoft,Management,Lead,Operations,Legal,Engineer"
Senior Data Engineer,Capnexus,probably worldwide,https://remoteok.com/remote-jobs/remote-senior-data-engineer-capnexus-1131269,Remoteok,2026-04-22T16:00:36+00:00,remote,full-time,"Amazon,System,Software,Cloud,API,Lead,Senior,Engineer,Engineering"
Senior App & Frontend Developer AS233,Smart Working Solutions,probably worldwide,https://remoteok.com/remote-jobs/remote-senior-app-amp-frontend-developer-as233-smart-working-solutions-1131268,Remoteok,2026-04-22T16:00:26+00:00,remote,full-time,"Front End,Developer,Embedded,Architect,Technical,Testing,Growth,Cloud,Management,Senior,Junior,Marketing,Analytics,Engineering,Apache"
Provider Services Analyst I,Trend Health Partners,unknown,https://remoteok.com/remote-jobs/remote-provider-services-analyst-i-trend-health-partners-1131267,Remoteok,2026-04-22T16:00:18+00:00,remote,full-time,"Analyst,Support,Software,Financial,Microsoft,Leader,Legal,Medical,Health,Healthcare"
PPC & Amazon Strategist,Trivium,probably worldwide,https://remoteok.com/remote-jobs/remote-ppc-amazon-strategist-trivium-1131266,Remoteok,2026-04-22T16:00:08+00:00,remote,full-time,"Amazon,Strategist,Growth,Video,Ads,Strategy,Lead,Senior,Marketing,Analytics,Sales,Full-Time"
Data Scientist,Junction,probably worldwide,https://remoteok.com/remote-jobs/remote-data-scientist-junction-1131265,Remoteok,2026-04-22T16:00:02+00:00,remote,full-time,"Python,Technical,Cloud,Management,Lead,Analytics,Health,Healthcare,Engineering"
Product Growth Marketer,Happily,worldwide,https://remoteok.com/remote-jobs/remote-product-growth-marketer-happily-1131244,Remoteok,2026-04-21T13:00:33+00:00,remote,full-time,"Marketing,Product"
Shift Lead Downtown,DoorDash USA,"Dallas, TX",https://remoteok.com/remote-jobs/remote-shift-lead-downtown-doordash-usa-1131264,Remoteok,2026-04-22T08:00:27+00:00,remote,full-time,"Support,Management,Lead,Operations,Go"
Senior Site Reliability Engineer,Pave Bank,Kuala Lumpur,https://remoteok.com/remote-jobs/remote-senior-site-reliability-engineer-pave-bank-1131263,Remoteok,2026-04-22T08:00:17+00:00,remote,full-time,"Crypto,System,Security,Technical,Support,Code,Financial,Fintech,Banking,Finance,Bank,Cloud,Senior,Operations,Operational,Reliability,Engineer"
Principal Product Manager,Oportun,probably worldwide,https://remoteok.com/remote-jobs/remote-principal-product-manager-oportun-1131262,Remoteok,2026-04-22T08:00:10+00:00,remote,full-time,"Manager,Growth,Financial,Management,Lead,Marketing"
High Paying Hourly Enrollment Specialist,VP Education Group,worldwide,https://remoteok.com/remote-jobs/remote-high-paying-hourly-enrollment-specialist-vp-education-group-1131261,Remoteok,2026-04-22T06:46:22+00:00,remote,full-time,Customer Support
Search Engine Evaluation Specialist Freelance AI Trainer Project,Invisible Agency,United States of America,https://remoteok.com/remote-jobs/remote-search-engine-evaluation-specialist-freelance-ai-trainer-project-invisible-agency-1131259,Remoteok,2026-04-22T00:01:28+00:00,remote,full-time,"Trainer,Design,Training"
Senior Security Engineer Vulnerability & Exposure Management,Bridgewater Associates Referrals,probably worldwide,https://remoteok.com/remote-jobs/remote-senior-security-engineer-vulnerability-exposure-management-bridgewater-associates-referrals-1131258,Remoteok,2026-04-22T00:01:19+00:00,remote,full-time,"Security,Investment,Management,Senior,Engineer"
Partner Sales Manager,Prophecy,San Francisco,https://remoteok.com/remote-jobs/remote-partner-sales-manager-prophecy-1131257,Remoteok,2026-04-22T00:01:10+00:00,remote,full-time,"Manager,Design,Cloud,Operational,Marketing,Sales"
Associate Product Manager,Automox,"Austin, TX",https://remoteok.com/remote-jobs/remote-associate-product-manager-automox-1131256,Remoteok,2026-04-22T00:01:00+00:00,remote,full-time,"Manager,Security,Support,UX,Director,Management,Senior,Engineering"
Director Human Resources,Cordance,United States,https://remoteok.com/remote-jobs/remote-director-human-resources-cordance-1131255,Remoteok,2026-04-22T00:00:46+00:00,remote,full-time,"Director,SaaS,HR,Software,Growth,Financial,Leader,Senior"
Senior Software Engineer Payments & Monetization,Mighty Networks,probably worldwide,https://remoteok.com/remote-jobs/remote-senior-software-engineer-payments-monetization-mighty-networks-1131254,Remoteok,2026-04-22T00:00:38+00:00,remote,full-time,"Software,Front End,Full-Stack,Mobile,Senior,Engineer,Backend"
